{
  "mae": 1.8705367280276408,
  "rmse": 2.1603191544145597
}