{
  "mae": 1.8705367277643836,
  "rmse": 2.160319154215685
}