{
  "mae": 2.3564126114684374,
  "rmse": 2.669130967401233
}