{
  "mae": 2.356393194794109,
  "rmse": 2.6691133453593907
}