{
  "cumulative_regret": 2.4120000000000017,
  "p_value": 0.02716185053436654,
  "lift": 0.5000000000000001
}