{
  "cumulative_regret": 0.19800000000000018,
  "p_value": 0.7864106809697308,
  "lift": 0.046874999267578175
}