{
  "mae": 0.1312575036253172,
  "classification_f1": 0.5238095238095238
}