{
  "mae": 0.12578176660412405,
  "classification_f1": 0.4949494949494949
}