{
  "mae": 0.12563075539717983,
  "classification_f1": 0.4949494949494949
}