{
  "mean_stress_reward": 3.2664214903116227,
  "best_lr": 0.006524267944910329
}