{
  "mean_stress_reward": 3.2651060572862627,
  "best_lr": 0.00012872122153864945
}