{
  "mae": 2.285178038664268,
  "rmse": 2.645812768455775
}