{
  "mae": 2.256316254084385,
  "rmse": 2.589261174273375
}